,business_status,geometry,icon,icon_background_color,icon_mask_base_uri,name,opening_hours,photos,place_id,plus_code,rating,reference,scope,types,user_ratings_total,vicinity,url
0,OPERATIONAL,"{'location': {'lat': -23.5569672, 'lng': -46.6623068}, 'viewport': {'northeast': {'lat': -23.55561287010728, 'lng': -46.66096502010728}, 'southwest': {'lat': -23.55831252989272, 'lng': -46.66366467989273}}}",https://maps.gstatic.com/mapfiles/place_api/icons/v1/png_71/generic_business-71.png,#4B96F3,https://maps.gstatic.com/mapfiles/place_api/icons/v2/generic_pinlet,drogaria sao paulo,{},"[{'height': 1800, 'html_attributions': ['<a href=""https://maps.google.com/maps/contrib/116331363330327447805"">Neto vieira</a>'], 'photo_reference': 'AeJbb3deCgAaOtzNQ9Xg1nfLu_xB3smJchQuy8pNRqj-qXDNxr9JjRwadBM-9gClxPR37HSGRmBpvIEGb7NdHBPQkqPhbXFosO9Ni8YOasRaqEy9HXGRRFntXWiY4YUT9TisexcTo1QZq0VdlUaM628gg1pRns_eSaMqIi9dkp6W9I-eC3S_', 'width': 4000}]",ChIJ41d1OS1YzpQRvL7nEKP81Ls,"{'compound_code': 'C8VQ+53 Bela Vista, São Paulo - State of São Paulo, Brazil', 'global_code': '588MC8VQ+53'}",3.8,ChIJ41d1OS1YzpQRvL7nEKP81Ls,GOOGLE,"['drugstore', 'health', 'store', 'point_of_interest', 'establishment']",9,"Av. Paulista, 2371 - LJ 1 E 2BELA - Bela Vista, VISTA",https://www.google.com/maps/place/?q=place_id:ChIJ41d1OS1YzpQRvL7nEKP81Ls
1,OPERATIONAL,"{'location': {'lat': -23.517529, 'lng': -46.58878}, 'viewport': {'northeast': {'lat': -23.51623627010727, 'lng': -46.58751147010728}, 'southwest': {'lat': -23.51893592989272, 'lng': -46.59021112989272}}}",https://maps.gstatic.com/mapfiles/place_api/icons/v1/png_71/generic_business-71.png,#4B96F3,https://maps.gstatic.com/mapfiles/place_api/icons/v2/generic_pinlet,DROGARIA SÃO PAULO,{'open_now': True},"[{'height': 1920, 'html_attributions': ['<a href=""https://maps.google.com/maps/contrib/108455528691598920490"">pascoal ciuffo</a>'], 'photo_reference': 'AeJbb3e6R4qcR877hqL9XxlWSTA96Je2H9kPKOvLvhuAYuZebFk_UKVvlIsZ4ABasZ_Q3Qp0DJph57N9dFg7aYJQmbOG_-E8LGHxdzk8jio0MjxQwKhhi83OF4OBDRokodLVx1IeCQGCMoUSLH-rmNv0di_C37keHH1BDl-59V1nPinuVQRw', 'width': 1080}]",ChIJR8fKBDRfzpQR-fyRxVBYJw4,"{'compound_code': 'FCJ6+XF Vila Maria, São Paulo - State of São Paulo, Brazil', 'global_code': '588MFCJ6+XF'}",4.0,ChIJR8fKBDRfzpQR-fyRxVBYJw4,GOOGLE,"['drugstore', 'pharmacy', 'health', 'store', 'point_of_interest', 'establishment']",140,"Av. Guilherme Cotching, 1360 - Vila Maria, São Paulo",https://www.google.com/maps/place/?q=place_id:ChIJR8fKBDRfzpQR-fyRxVBYJw4
2,OPERATIONAL,"{'location': {'lat': -23.4571473, 'lng': -46.6028224}, 'viewport': {'northeast': {'lat': -23.45579967010728, 'lng': -46.60140562010727}, 'southwest': {'lat': -23.45849932989272, 'lng': -46.60410527989271}}}",https://maps.gstatic.com/mapfiles/place_api/icons/v1/png_71/generic_business-71.png,#4B96F3,https://maps.gstatic.com/mapfiles/place_api/icons/v2/generic_pinlet,Drogaria São Paulo,{'open_now': True},"[{'height': 720, 'html_attributions': ['<a href=""https://maps.google.com/maps/contrib/109832411234010264484"">A Google User</a>'], 'photo_reference': 'AeJbb3fDUhOXvHOJZEHW_W6m4bWaI_IAvI9uUz5KahP2ztxfzXpOZ7gnIxERSkdbmZKmlyU65ESGF67WApE5ShIn7dKIxcWVpcewFs_3PV1IzVx5rDOYWvGFWB5WG_-r9HmUuPR0INLviVnyjnfI1TPRo3QEAmRUy09lCv0Pviw_ipTj37Dl', 'width': 1280}]",ChIJVVX5IYb2zpQRtfJclmIL40w,"{'compound_code': 'G9VW+4V Tucuruvi, São Paulo - State of São Paulo, Brazil', 'global_code': '588MG9VW+4V'}",4.0,ChIJVVX5IYb2zpQRtfJclmIL40w,GOOGLE,"['drugstore', 'pharmacy', 'health', 'store', 'point_of_interest', 'establishment']",61,"Av. Cel. Sezefredo Fagundes, 2483 - Tucuruvi, São Paulo",https://www.google.com/maps/place/?q=place_id:ChIJVVX5IYb2zpQRtfJclmIL40w
3,OPERATIONAL,"{'location': {'lat': -23.5599234, 'lng': -46.63816449999999}, 'viewport': {'northeast': {'lat': -23.55858547010727, 'lng': -46.63678867010728}, 'southwest': {'lat': -23.56128512989272, 'lng': -46.63948832989272}}}",https://maps.gstatic.com/mapfiles/place_api/icons/v1/png_71/generic_business-71.png,#4B96F3,https://maps.gstatic.com/mapfiles/place_api/icons/v2/generic_pinlet,Drugstore Sao Paulo,{'open_now': True},"[{'height': 1836, 'html_attributions': ['<a href=""https://maps.google.com/maps/contrib/105665462645999260563"">VIOTO MIRIANO</a>'], 'photo_reference': 'AeJbb3c6L-fZS-WSy_qcthaOoju8Vlem7AM7K78w6PmNvxyumeYQ1MeKiGm1QWtlzkribcnmlMID6tWx1Pvz2VQVAr5CIlJqK-O0W8HFO76XlAj21Qn-_BA_ELN2gsqU8nriGtSMbnoclcoXICPffJJurHJuwJwEnjiLZhWg9fdahrNIqruH', 'width': 3264}]",ChIJzStZlKVZzpQRPSywGsfYeGQ,"{'compound_code': 'C9R6+2P Liberdade, São Paulo - State of São Paulo, Brazil', 'global_code': '588MC9R6+2P'}",3.9,ChIJzStZlKVZzpQRPSywGsfYeGQ,GOOGLE,"['drugstore', 'pharmacy', 'health', 'store', 'point_of_interest', 'establishment']",162,"Av. da Liberdade, 840 - Liberdade, São Paulo",https://www.google.com/maps/place/?q=place_id:ChIJzStZlKVZzpQRPSywGsfYeGQ
4,OPERATIONAL,"{'location': {'lat': -23.6361993, 'lng': -46.6410061}, 'viewport': {'northeast': {'lat': -23.63484662010728, 'lng': -46.63973592010728}, 'southwest': {'lat': -23.63754627989272, 'lng': -46.64243557989272}}}",https://maps.gstatic.com/mapfiles/place_api/icons/v1/png_71/generic_business-71.png,#4B96F3,https://maps.gstatic.com/mapfiles/place_api/icons/v2/generic_pinlet,Drugstore Sao Paulo,{'open_now': True},"[{'height': 2160, 'html_attributions': ['<a href=""https://maps.google.com/maps/contrib/109889474518183706532"">Diego Luiz</a>'], 'photo_reference': 'AeJbb3f8G10XfzZzTrQLQZ8E1JQeV6Ez4fAQ_ZDb4v7JvtmIJEG47LL4n77AqF2QVSHlvCD79V5BApVxLprWsFHwAJDH7ZwYscmaDbiEm6ecPQmy9d-FYxKULXExi7x2zOSpmQ1pryK5WT-GHy_ZmQ6JeqPfAjZlKbVIDdcK2KEgPwBxgWCX', 'width': 3840}]",ChIJ0RzVUuVazpQRwvnTaKqCClk,"{'compound_code': '9975+GH Jabaquara, São Paulo - State of São Paulo, Brazil', 'global_code': '588M9975+GH'}",3.4,ChIJ0RzVUuVazpQRwvnTaKqCClk,GOOGLE,"['drugstore', 'health', 'store', 'point_of_interest', 'establishment']",95,"Av. Eng. Armando de Arruda Pereira, 1009 - Jabaquara, São Paulo",https://www.google.com/maps/place/?q=place_id:ChIJ0RzVUuVazpQRwvnTaKqCClk
5,OPERATIONAL,"{'location': {'lat': -23.5735294, 'lng': -46.5582091}, 'viewport': {'northeast': {'lat': -23.57227762010728, 'lng': -46.55689697010727}, 'southwest': {'lat': -23.57497727989272, 'lng': -46.55959662989272}}}",https://maps.gstatic.com/mapfiles/place_api/icons/v1/png_71/generic_business-71.png,#4B96F3,https://maps.gstatic.com/mapfiles/place_api/icons/v2/generic_pinlet,DROGARIA SÃO PAULO,{'open_now': True},"[{'height': 4160, 'html_attributions': ['<a href=""https://maps.google.com/maps/contrib/104949120659916613898"">CHRGOU VIDEOS</a>'], 'photo_reference': 'AeJbb3chTYQCJ2zxLbYrX-G3DpizAB51YJFdzWkHrOcb9GiT3m_ivCah44jLqpeoGb7m7uq6_kBCb-4vzmRkEKxRVp9Y44d5K1SQ4Cp94i5HUrFJwFCeMwiJa8Be99tPuSwPe3FpT9lZTHRO_iB3JlGcjaLNLwkpCoCvRk1MSs_knwWiLAB_', 'width': 3120}]",ChIJXXPi8jNczpQRuanQqxLoGVo,"{'compound_code': 'CCGR+HP Vila Regente Feijó, São Paulo - State of São Paulo, Brazil', 'global_code': '588MCCGR+HP'}",3.5,ChIJXXPi8jNczpQRuanQqxLoGVo,GOOGLE,"['drugstore', 'health', 'store', 'point_of_interest', 'establishment']",51,"Av. Sapopemba, 3154 - Vila Reg. Feijó, São Paulo",https://www.google.com/maps/place/?q=place_id:ChIJXXPi8jNczpQRuanQqxLoGVo
6,OPERATIONAL,"{'location': {'lat': -23.5692658, 'lng': -46.6463865}, 'viewport': {'northeast': {'lat': -23.56800662010728, 'lng': -46.64511987010727}, 'southwest': {'lat': -23.57070627989272, 'lng': -46.64781952989272}}}",https://maps.gstatic.com/mapfiles/place_api/icons/v1/png_71/generic_business-71.png,#4B96F3,https://maps.gstatic.com/mapfiles/place_api/icons/v2/generic_pinlet,DROGARIA SÃO PAULO,{'open_now': True},"[{'height': 1823, 'html_attributions': ['<a href=""https://maps.google.com/maps/contrib/117717186093826831638"">alexandra dias</a>'], 'photo_reference': 'AeJbb3cytd5WLDkDa5-TvL8JjZ8FI82dqueXdB0FZogTt1VuHqAbo5WnzdzyIEpTFjvEQplATEd1OHF6FNA7HIR2Ff_c1hBFMiVBWZ7bJbw6FV3Ut1_00K4-3_2iTHKLtSPBkS0FDSSVpigWyO17bEeRZ_oux4tP2JcGg3aINRIs9hKHxATN', 'width': 1097}]",ChIJG_D51b1ZzpQRSe3lesk9yws,"{'compound_code': 'C9J3+7C São Paulo, State of São Paulo, Brazil', 'global_code': '588MC9J3+7C'}",2.9,ChIJG_D51b1ZzpQRSe3lesk9yws,GOOGLE,"['drugstore', 'health', 'store', 'point_of_interest', 'establishment']",19,"Av. Paulista, 266 - Bela Vista, São Paulo",https://www.google.com/maps/place/?q=place_id:ChIJG_D51b1ZzpQRSe3lesk9yws
7,OPERATIONAL,"{'location': {'lat': -23.480691, 'lng': -46.656477}, 'viewport': {'northeast': {'lat': -23.47928832010728, 'lng': -46.65504007010728}, 'southwest': {'lat': -23.48198797989272, 'lng': -46.65773972989272}}}",https://maps.gstatic.com/mapfiles/place_api/icons/v1/png_71/generic_business-71.png,#4B96F3,https://maps.gstatic.com/mapfiles/place_api/icons/v2/generic_pinlet,DROGARIA SÃO PAULO,{'open_now': True},"[{'height': 3120, 'html_attributions': ['<a href=""https://maps.google.com/maps/contrib/115724176582958367855"">Beatriz Zani</a>'], 'photo_reference': 'AeJbb3evUfRFSBPa9ISiZplPZ7qLLR_kDJCuZb-sxEQdFvv6fCDLpo4oV3Pj7V1QD_C4LOGRJZM6Vne04tCoAL5j45GPrSZlAj1UIKzHgeVeNrIh31Xh6qTZ1JT-ZoOKekzgat29kuOxyVsosxKLFHfVKPQXwjnwRMKqFX2BE3WiDRFdxdTY', 'width': 4160}]",ChIJQWcw5533zpQRTv4adkb2P78,"{'compound_code': 'G89V+PC São Paulo, State of São Paulo, Brazil', 'global_code': '588MG89V+PC'}",3.9,ChIJQWcw5533zpQRTv4adkb2P78,GOOGLE,"['drugstore', 'health', 'store', 'point_of_interest', 'establishment']",65,"Av. Imirim, 3115/3123 - Imirim, São Paulo",https://www.google.com/maps/place/?q=place_id:ChIJQWcw5533zpQRTv4adkb2P78
8,OPERATIONAL,"{'location': {'lat': -23.5345017, 'lng': -46.78252630000001}, 'viewport': {'northeast': {'lat': -23.53318662010728, 'lng': -46.78123662010727}, 'southwest': {'lat': -23.53588627989272, 'lng': -46.78393627989272}}}",https://maps.gstatic.com/mapfiles/place_api/icons/v1/png_71/generic_business-71.png,#4B96F3,https://maps.gstatic.com/mapfiles/place_api/icons/v2/generic_pinlet,DROGARIA SÃO PAULO,{'open_now': True},"[{'height': 2592, 'html_attributions': ['<a href=""https://maps.google.com/maps/contrib/117651607743510866531"">Andrei de Oliveira Rosa</a>'], 'photo_reference': 'AeJbb3e_OeCl3yHSuKpwFa9GqqqOVhI8K84naPJuXS1-Z2y0Mqdh4nee6IEtPXWJJOw5LaL8QMvjdRaHb-Zu9PAzqNeIa0CQvcWH9iNqxrlVmUIGmZPMViCTmSNbKCd6w7xmMMnhT5y0_SRq5MA9up84rIv89XaNZwp6sBTHBX-ZIxibXkhY', 'width': 4608}]",ChIJIcT42wj_zpQRtZK1biR95cQ,"{'compound_code': 'F688+5X Centro, Osasco - State of São Paulo, Brazil', 'global_code': '588MF688+5X'}",3.8,ChIJIcT42wj_zpQRtZK1biR95cQ,GOOGLE,"['drugstore', 'pharmacy', 'health', 'store', 'point_of_interest', 'establishment']",132,"Av. dos Autonomistas, 3192 - Centro, Osasco",https://www.google.com/maps/place/?q=place_id:ChIJIcT42wj_zpQRtZK1biR95cQ
9,OPERATIONAL,"{'location': {'lat': -23.6661624, 'lng': -46.4555969}, 'viewport': {'northeast': {'lat': -23.66489012010728, 'lng': -46.45421802010728}, 'southwest': {'lat': -23.66758977989272, 'lng': -46.45691767989272}}}",https://maps.gstatic.com/mapfiles/place_api/icons/v1/png_71/generic_business-71.png,#4B96F3,https://maps.gstatic.com/mapfiles/place_api/icons/v2/generic_pinlet,Drugstore Sao Paulo,{'open_now': True},"[{'height': 4032, 'html_attributions': ['<a href=""https://maps.google.com/maps/contrib/111376344006489645658"">J.L. Santana</a>'], 'photo_reference': 'AeJbb3eKvAyNWr2KHExjC1QbhR71xMP2aFosd14yyHQ3YXwuiOO4TOwdoMGB9lOkGcq7_Algq6MjaG3PznTnclmgj9pWxoj7_CS2fmjrhm1jcnGjvmhS0a9F5vFvshMMtFE_vlgMvJF8DtXMjMesNOTVg5y4bBZGrZP4VRBjE4ravHYoIlVf', 'width': 1960}]",ChIJBZQ4JUNpzpQRSzffdmsSy8Q,"{'compound_code': '8GMV+GQ Vila Bocaina, Mauá - State of São Paulo, Brazil', 'global_code': '588M8GMV+GQ'}",4.0,ChIJBZQ4JUNpzpQRSzffdmsSy8Q,GOOGLE,"['drugstore', 'pharmacy', 'health', 'store', 'point_of_interest', 'establishment']",85,"Av. Barão de Mauá, 743 - Vila Bocaina, Mauá",https://www.google.com/maps/place/?q=place_id:ChIJBZQ4JUNpzpQRSzffdmsSy8Q
10,OPERATIONAL,"{'location': {'lat': -23.4840613, 'lng': -46.5424769}, 'viewport': {'northeast': {'lat': -23.48272092010727, 'lng': -46.54118767010727}, 'southwest': {'lat': -23.48542057989272, 'lng': -46.54388732989272}}}",https://maps.gstatic.com/mapfiles/place_api/icons/v1/png_71/generic_business-71.png,#4B96F3,https://maps.gstatic.com/mapfiles/place_api/icons/v2/generic_pinlet,DROGARIA SÃO PAULO,{'open_now': True},"[{'height': 1404, 'html_attributions': ['<a href=""https://maps.google.com/maps/contrib/106901221764532606251"">Claudio Salles Jorge</a>'], 'photo_reference': 'AeJbb3f7xSf_gxfC-te97HHdrhQ3ye9dhvEyNxh9lRXYEPZpAPa_G_lJmh2SkV4rViFkiHlloBXAkRl0OJik_PfZuN3RSa59f4GmeLw3W8fOiutU6iivYLwTNNkDmfzH8Svtv4npusQ8hq3y6CZEgG6KJ_HTJctE8LXBIZisefn1dJJBg8KV', 'width': 2933}]",ChIJ7SN73o5fzpQR-7tVqNkUkig,"{'compound_code': 'GF85+92 Vila Augusta, Guarulhos - State of São Paulo, Brazil', 'global_code': '588MGF85+92'}",3.4,ChIJ7SN73o5fzpQR-7tVqNkUkig,GOOGLE,"['drugstore', 'pharmacy', 'health', 'store', 'point_of_interest', 'establishment']",107,"Av. Guarulhos, 1801 - s/n - Vila Augusta, Guarulhos",https://www.google.com/maps/place/?q=place_id:ChIJ7SN73o5fzpQR-7tVqNkUkig
11,OPERATIONAL,"{'location': {'lat': -23.5773574, 'lng': -46.5168224}, 'viewport': {'northeast': {'lat': -23.57604532010728, 'lng': -46.51542732010727}, 'southwest': {'lat': -23.57874497989272, 'lng': -46.51812697989272}}}",https://maps.gstatic.com/mapfiles/place_api/icons/v1/png_71/generic_business-71.png,#4B96F3,https://maps.gstatic.com/mapfiles/place_api/icons/v2/generic_pinlet,DROGARIA SÃO PAULO,{'open_now': True},"[{'height': 3264, 'html_attributions': ['<a href=""https://maps.google.com/maps/contrib/116902452060706573572"">A Google User</a>'], 'photo_reference': 'AeJbb3e2_0lwcb2e3UyYedLEqWqnOCf_2SD8049SXTrw8oDbp7D7rj0TSDfPwBd63hZOCwZaF4Dv6BHFsGn4l2naau1GIu4RnjgHR3b5wkpA17t11Z4mm9RwK3tkvuo7reeYP9R9CAXMkg1crhWRFuMtQFu4-WYfYRSljQRoKiGvVzqq5x6X', 'width': 1836}]",ChIJDdR9ZoddzpQRIk9tge7id-o,"{'compound_code': 'CFFM+37 Vila rica, São Paulo - State of São Paulo, Brazil', 'global_code': '588MCFFM+37'}",3.1,ChIJDdR9ZoddzpQRIk9tge7id-o,GOOGLE,"['drugstore', 'pharmacy', 'health', 'store', 'point_of_interest', 'establishment']",83,"Av. Inconfidência Mineira, 941 - Vila rica, São Paulo",https://www.google.com/maps/place/?q=place_id:ChIJDdR9ZoddzpQRIk9tge7id-o
12,OPERATIONAL,"{'location': {'lat': -23.558576, 'lng': -46.5898322}, 'viewport': {'northeast': {'lat': -23.55727707010728, 'lng': -46.58850767010727}, 'southwest': {'lat': -23.55997672989272, 'lng': -46.59120732989271}}}",https://maps.gstatic.com/mapfiles/place_api/icons/v1/png_71/generic_business-71.png,#4B96F3,https://maps.gstatic.com/mapfiles/place_api/icons/v2/generic_pinlet,Drogaria São Paulo,{'open_now': True},"[{'height': 2048, 'html_attributions': ['<a href=""https://maps.google.com/maps/contrib/108035703873095202053"">Alvaro Kalil</a>'], 'photo_reference': 'AeJbb3fMvtFJ_O-zU09v7mm5yM7f2lg58u4it5HBVcVP6qA4kWR8XZaUEQ47YdNbTDWVLxbks8Lyt6Pv8NbfYv8IR_IWzfGHAuvaKABz5Oix5oljj7zOBLZTmTYfofbS6Ptri_9DfwQgcLT8wkarUPCH0Zqe-06J-sHIdY1FAWkx0P3ifJI9', 'width': 2048}]",ChIJl5ejUuNfzpQR6psrrVcSdTM,"{'compound_code': 'CCR6+H3 Mooca District, São Paulo - State of São Paulo, Brazil', 'global_code': '588MCCR6+H3'}",3.9,ChIJl5ejUuNfzpQR6psrrVcSdTM,GOOGLE,"['drugstore', 'health', 'store', 'point_of_interest', 'establishment']",14,"R. da Mooca, 3691 - Mooca, São Paulo",https://www.google.com/maps/place/?q=place_id:ChIJl5ejUuNfzpQR6psrrVcSdTM
13,OPERATIONAL,"{'location': {'lat': -23.5635897, 'lng': -46.6409257}, 'viewport': {'northeast': {'lat': -23.56222547010728, 'lng': -46.63963097010728}, 'southwest': {'lat': -23.56492512989272, 'lng': -46.64233062989272}}}",https://maps.gstatic.com/mapfiles/place_api/icons/v1/png_71/pharmacy-71.png,#F88181,https://maps.gstatic.com/mapfiles/place_api/icons/v2/pharmacy_pinlet,Drogaria Sao Paulo,{'open_now': True},"[{'height': 3024, 'html_attributions': ['<a href=""https://maps.google.com/maps/contrib/106733279867310800391"">Marcus Lyra</a>'], 'photo_reference': 'AeJbb3ceohud260TkRYlv9YFcLC6L-ZgnyQBnUXDN-xkBQKU6BGaPW2RqXR0dhbORkhdsyWBIdHm6ic8JfWBky4g5n1njfyv5uStNGXRda3L6T_dFJxccRHDWuGog8r2mkUum5OLSYvqUMlNBp7OpZ8q5E4Zeh2EnhegjIWxsrMP0jpeLwCO', 'width': 4032}]",ChIJt8u1eO1ZzpQRAr2f2GWd_eY,"{'compound_code': 'C9P5+HJ São Paulo, State of São Paulo, Brazil', 'global_code': '588MC9P5+HJ'}",2.7,ChIJt8u1eO1ZzpQRAr2f2GWd_eY,GOOGLE,"['pharmacy', 'health', 'store', 'point_of_interest', 'establishment']",27,"R. Maestro Cardim, 297 - Bela Vista, São Paulo",https://www.google.com/maps/place/?q=place_id:ChIJt8u1eO1ZzpQRAr2f2GWd_eY
14,OPERATIONAL,"{'location': {'lat': -23.5878064, 'lng': -46.5324523}, 'viewport': {'northeast': {'lat': -23.58637947010728, 'lng': -46.53113752010727}, 'southwest': {'lat': -23.58907912989272, 'lng': -46.53383717989271}}}",https://maps.gstatic.com/mapfiles/place_api/icons/v1/png_71/generic_business-71.png,#4B96F3,https://maps.gstatic.com/mapfiles/place_api/icons/v2/generic_pinlet,DROGARIA SÃO PAULO,{'open_now': True},"[{'height': 3120, 'html_attributions': ['<a href=""https://maps.google.com/maps/contrib/105774928064651342033"">Angelo Jun Matsui</a>'], 'photo_reference': 'AeJbb3f6kxcAIDM8FuiIcyuSo7YmP8uvyAfAUje9Rcshhycz8ejVsC0MF-eTikWtkWaRdspo5EEE4O4KLMH9wmLV2BwkoOSkrYTpkEgGd-S220fIo6YU5TxZ-uyj87tACE6wzkq_9ekdjFsoY87VfBswopLUbSvcSEnWC2l7sDYBPDURakl2', 'width': 4160}]",ChIJn3xjw7xdzpQRzNJ3Qpb79KU,"{'compound_code': 'CF68+VX Vila Primavera, São Paulo - State of São Paulo, Brazil', 'global_code': '588MCF68+VX'}",4.0,ChIJn3xjw7xdzpQRzNJ3Qpb79KU,GOOGLE,"['drugstore', 'health', 'store', 'point_of_interest', 'establishment']",41,"Av. Sapopemba, 6436 - Vila Primavera, São Paulo",https://www.google.com/maps/place/?q=place_id:ChIJn3xjw7xdzpQRzNJ3Qpb79KU
15,OPERATIONAL,"{'location': {'lat': -23.5682801, 'lng': -46.6486333}, 'viewport': {'northeast': {'lat': -23.56686512010728, 'lng': -46.64722477010728}, 'southwest': {'lat': -23.56956477989272, 'lng': -46.64992442989273}}}",https://maps.gstatic.com/mapfiles/place_api/icons/v1/png_71/generic_business-71.png,#4B96F3,https://maps.gstatic.com/mapfiles/place_api/icons/v2/generic_pinlet,drogaria sao paulo,{'open_now': True},"[{'height': 2304, 'html_attributions': ['<a href=""https://maps.google.com/maps/contrib/104850831834506330795"">neilson teodoro</a>'], 'photo_reference': 'AeJbb3eCUUIBsWgz8ze-3kIZlSWQN-jd1WSpQKI6lJWbf1xW93hGC1FwBhw4MPE9dD5Cv8gWifxP2hue6pMAO5ZjS-kC9aqDtzUs2VVlCuvgH66z4dh2DRN8ljwEPbsEsP1uTUf39eOGjRcmgWvKncrnW5LpcO8VAb7OyY88YH1qMTRAvoYx', 'width': 4096}]",ChIJX9As2b5ZzpQRewsgYoFmTH4,"{'compound_code': 'C9J2+MG São Paulo, State of São Paulo, Brazil', 'global_code': '588MC9J2+MG'}",3.0,ChIJX9As2b5ZzpQRewsgYoFmTH4,GOOGLE,"['drugstore', 'health', 'store', 'point_of_interest', 'establishment']",2,"Av. Paulista, 509 - Bela Vista, São Paulo",https://www.google.com/maps/place/?q=place_id:ChIJX9As2b5ZzpQRewsgYoFmTH4
16,OPERATIONAL,"{'location': {'lat': -23.5767293, 'lng': -46.62341840000001}, 'viewport': {'northeast': {'lat': -23.57536512010728, 'lng': -46.62215747010728}, 'southwest': {'lat': -23.57806477989272, 'lng': -46.62485712989272}}}",https://maps.gstatic.com/mapfiles/place_api/icons/v1/png_71/generic_business-71.png,#4B96F3,https://maps.gstatic.com/mapfiles/place_api/icons/v2/generic_pinlet,Drugstore Sao Paulo,{'open_now': True},"[{'height': 1944, 'html_attributions': ['<a href=""https://maps.google.com/maps/contrib/101212787505722388764"">Gabriel Bivanco</a>'], 'photo_reference': 'AeJbb3erqq_S0I5A8CztrrFvPuSYChwk-sfzpUboHbxpo4HrFVa3KUwtbKN5QOkZjjlxtM6WkA-nFyK2lJdzF6kOylEv9t5v9U8eOPS-2zo85girvPoP7Qh6RQ8VYkD3al6Sk4WRnli-e6nrrRMFjocnrkv9PVQIE1vtnaXtx5qGG3E0wvWx', 'width': 2592}]",ChIJ1aYnQHtZzpQRBkv5b4wXShk,"{'compound_code': 'C9FG+8J Aclimação, São Paulo - State of São Paulo, Brazil', 'global_code': '588MC9FG+8J'}",3.8,ChIJ1aYnQHtZzpQRBkv5b4wXShk,GOOGLE,"['drugstore', 'pharmacy', 'health', 'store', 'point_of_interest', 'establishment']",136,"Av. Lins de Vasconcelos, 1505 - 1505A - Aclimação, São Paulo",https://www.google.com/maps/place/?q=place_id:ChIJ1aYnQHtZzpQRBkv5b4wXShk
17,OPERATIONAL,"{'location': {'lat': -23.5416652, 'lng': -46.6555749}, 'viewport': {'northeast': {'lat': -23.54025657010728, 'lng': -46.65425577010727}, 'southwest': {'lat': -23.54295622989272, 'lng': -46.65695542989271}}}",https://maps.gstatic.com/mapfiles/place_api/icons/v1/png_71/generic_business-71.png,#4B96F3,https://maps.gstatic.com/mapfiles/place_api/icons/v2/generic_pinlet,Drogaria São Paulo,{'open_now': True},"[{'height': 2592, 'html_attributions': ['<a href=""https://maps.google.com/maps/contrib/110479016739085057393"">Adriano Gomes de Arruda</a>'], 'photo_reference': 'AeJbb3d-gtWqKLDBArXHr17QtKEzAIg022LnkMeEpmaBwwdVtwWKtr3oPEd1JStWg4gMpkyK7_i4gWLIk7rp2SKVFhAXSoRy9mE-IPCrzhscr7-sZV_aUl2R4U0vXiracAKLL_6y37jCMLWOqf8mKC37uF8wE-kaF8P8VlbEYMvDW1Bl-tDC', 'width': 1944}]",ChIJbXMtgBtZzpQRmxnEqk-DcS4,"{'compound_code': 'F85V+8Q São Paulo, State of São Paulo, Brazil', 'global_code': '588MF85V+8Q'}",3.0,ChIJbXMtgBtZzpQRmxnEqk-DcS4,GOOGLE,"['drugstore', 'health', 'store', 'point_of_interest', 'establishment']",30,"Av. Angélica, 1003 - Santa Cecilia, São Paulo",https://www.google.com/maps/place/?q=place_id:ChIJbXMtgBtZzpQRmxnEqk-DcS4
18,OPERATIONAL,"{'location': {'lat': -23.6831898, 'lng': -46.5464121}, 'viewport': {'northeast': {'lat': -23.68175497010727, 'lng': -46.54460157010728}, 'southwest': {'lat': -23.68445462989272, 'lng': -46.54730122989272}}}",https://maps.gstatic.com/mapfiles/place_api/icons/v1/png_71/generic_business-71.png,#4B96F3,https://maps.gstatic.com/mapfiles/place_api/icons/v2/generic_pinlet,DROGARIA SÃO PAULO,{'open_now': True},"[{'height': 960, 'html_attributions': ['<a href=""https://maps.google.com/maps/contrib/109049197922842506313"">A Google User</a>'], 'photo_reference': 'AeJbb3eH7NiHnp3R8fjQN-lqmzp74WhgFk_m73K6VNMOQnwv3AevwKei93_ccfnN4O8JkvuggLkMVhwQVODdhArgLRAtz59jsz51ye5VrBMgfFyWMVVCpI0bhmYvhG5DZZmZJ-weOP0ufTqcasvPa8ZOfYzEvXmb2NrenCOGz9-n0mmjXgHJ', 'width': 1280}]",ChIJD64DOk9CzpQRtRnOlu8m5sY,"{'compound_code': '8F83+PC Paraíso, Santo André - State of São Paulo, Brazil', 'global_code': '588M8F83+PC'}",3.5,ChIJD64DOk9CzpQRtRnOlu8m5sY,GOOGLE,"['drugstore', 'health', 'store', 'point_of_interest', 'establishment']",35,"Av. Pereira Barreto, 2366 - Paraíso, Santo André",https://www.google.com/maps/place/?q=place_id:ChIJD64DOk9CzpQRtRnOlu8m5sY
19,OPERATIONAL,"{'location': {'lat': -23.598861, 'lng': -46.6397995}, 'viewport': {'northeast': {'lat': -23.59751232010728, 'lng': -46.63849752010728}, 'southwest': {'lat': -23.60021197989272, 'lng': -46.64119717989272}}}",https://maps.gstatic.com/mapfiles/place_api/icons/v1/png_71/generic_business-71.png,#4B96F3,https://maps.gstatic.com/mapfiles/place_api/icons/v2/generic_pinlet,Drugstore Sao Paulo,{'open_now': True},"[{'height': 1080, 'html_attributions': ['<a href=""https://maps.google.com/maps/contrib/107026518620627435419"">Bruno Fiusa</a>'], 'photo_reference': 'AeJbb3fTkbWj83hRMYkNKuABV-TsqwG1cAO4NNPPunnW5PTJc2vRb6lgJ_PJKTiTETXOwyxSpyu6u093J4iD-NWhHlnGkQK6ZVAsMt4lGjOXm4cCEjBEbUpR-aQBw318c3WFN4CWaImpyDa9dFlr2Jjo0EKhOlpj9TdkanJ_CsIckbTYACK7', 'width': 1920}]",ChIJO1utOzBazpQRGvvY7eXpK4I,"{'compound_code': 'C926+F3 São Paulo, State of São Paulo, Brazil', 'global_code': '588MC926+F3'}",4.1,ChIJO1utOzBazpQRGvvY7eXpK4I,GOOGLE,"['drugstore', 'health', 'store', 'point_of_interest', 'establishment']",37,"Rua Pedro de Toledo, 319 - Vila Clementino, São Paulo",https://www.google.com/maps/place/?q=place_id:ChIJO1utOzBazpQRGvvY7eXpK4I
20,OPERATIONAL,"{'location': {'lat': -23.5671216, 'lng': -46.657202}, 'viewport': {'northeast': {'lat': -23.56577782010728, 'lng': -46.65583022010728}, 'southwest': {'lat': -23.56847747989272, 'lng': -46.65852987989272}}}",https://maps.gstatic.com/mapfiles/place_api/icons/v1/png_71/generic_business-71.png,#4B96F3,https://maps.gstatic.com/mapfiles/place_api/icons/v2/generic_pinlet,DROGARIA SÃO PAULO,{'open_now': True},"[{'height': 1280, 'html_attributions': ['<a href=""https://maps.google.com/maps/contrib/115958495067700332870"">A Google User</a>'], 'photo_reference': 'AeJbb3dtMjTzwvxPhsyaoycjWG8NKeT0FBekW91YycvdJg75b0aNh3n0b1mxGl6u2AV9w6eYsBYzbRDpyG8AejqxOaTN2OS70poBpDza0RyT6IvRqj-ORLgQSgE-ftWqHalnt3-hh4fM75WJxbVR14XHiokjI1tHMX0RDG11QL9VSw9ar7zL', 'width': 960}]",ChIJK-o4x8VZzpQRdtFpGNmVmRk,"{'compound_code': 'C8MV+54 São Paulo, State of São Paulo, Brazil', 'global_code': '588MC8MV+54'}",3.5,ChIJK-o4x8VZzpQRdtFpGNmVmRk,GOOGLE,"['drugstore', 'store', 'health', 'point_of_interest', 'establishment']",29,"R. Pamplona, 1130 - Cerqueira César, São Paulo",https://www.google.com/maps/place/?q=place_id:ChIJK-o4x8VZzpQRdtFpGNmVmRk
21,OPERATIONAL,"{'location': {'lat': -23.6538292, 'lng': -46.6701492}, 'viewport': {'northeast': {'lat': -23.65251862010728, 'lng': -46.66877787010728}, 'southwest': {'lat': -23.65521827989272, 'lng': -46.67147752989273}}}",https://maps.gstatic.com/mapfiles/place_api/icons/v1/png_71/generic_business-71.png,#4B96F3,https://maps.gstatic.com/mapfiles/place_api/icons/v2/generic_pinlet,DROGARIA SÃO PAULO,{'open_now': True},"[{'height': 1920, 'html_attributions': ['<a href=""https://maps.google.com/maps/contrib/114621677646089795926"">Ives Costa</a>'], 'photo_reference': 'AeJbb3dLmO7uzTjj8iNKNtgdhXof830NVgkVGcfHbUySxBjJqcKdblxr6VT_Es9F80qwT107rlmEZvKHUVO-iOh9JUYZssCUOuidMk_MWup-vNrWSAdLLWVRhrUgqZerF2LifVcD-2fPeiwtHOa7fu0Zf5061tfZ7fpE9XaHgli3HmNKps7g', 'width': 1080}]",ChIJr5tf0Z9azpQRLbgyDCPWaw4,"{'compound_code': '88WH+FW São Paulo, State of São Paulo, Brazil', 'global_code': '588M88WH+FW'}",4.0,ChIJr5tf0Z9azpQRLbgyDCPWaw4,GOOGLE,"['drugstore', 'pharmacy', 'store', 'health', 'point_of_interest', 'establishment']",53,"Av. Cupecê, 1036 - E 1040 - Cidade Ademar, São Paulo",https://www.google.com/maps/place/?q=place_id:ChIJr5tf0Z9azpQRLbgyDCPWaw4
22,OPERATIONAL,"{'location': {'lat': -23.6331813, 'lng': -46.7053378}, 'viewport': {'northeast': {'lat': -23.63188827010728, 'lng': -46.70405822010728}, 'southwest': {'lat': -23.63458792989272, 'lng': -46.70675787989272}}}",https://maps.gstatic.com/mapfiles/place_api/icons/v1/png_71/generic_business-71.png,#4B96F3,https://maps.gstatic.com/mapfiles/place_api/icons/v2/generic_pinlet,DROGARIA SÃO PAULO,{'open_now': True},"[{'height': 3000, 'html_attributions': ['<a href=""https://maps.google.com/maps/contrib/108817592202123656790"">Luiz Gustavo Giongo</a>'], 'photo_reference': 'AeJbb3cR_s-k-sSClB1ScY_hl50gE4tFlOAbkpnyJZ4uj8VdRS05ICtEBYT7r25VEW_VKNh63ZKCMhwfoLU09t6CqKTC8aNYfv7Du_datRfoKHQOIMoTfnsYNT0_w_KJt7l2UcsYRh7yXJd9TDnl4EfGpGKjxbKBxtJw7Y0AZ-IiLa2MzZ7l', 'width': 4000}]",ChIJT7DIPeFQzpQR6bwCxdJwmFg,"{'compound_code': '978V+PV Chacara Santo Antonio, São Paulo - State of São Paulo, Brazil', 'global_code': '588M978V+PV'}",4.4,ChIJT7DIPeFQzpQR6bwCxdJwmFg,GOOGLE,"['drugstore', 'store', 'health', 'point_of_interest', 'establishment']",10,"R VERBO DIVINO 986 - CENTRO COMERCIAL 04 - Chácara Santo Antônio, São Paulo",https://www.google.com/maps/place/?q=place_id:ChIJT7DIPeFQzpQR6bwCxdJwmFg
23,OPERATIONAL,"{'location': {'lat': -23.6076587, 'lng': -46.4786622}, 'viewport': {'northeast': {'lat': -23.60627312010728, 'lng': -46.47725962010728}, 'southwest': {'lat': -23.60897277989272, 'lng': -46.47995927989273}}}",https://maps.gstatic.com/mapfiles/place_api/icons/v1/png_71/generic_business-71.png,#4B96F3,https://maps.gstatic.com/mapfiles/place_api/icons/v2/generic_pinlet,DROGARIA SÃO PAULO,{'open_now': True},"[{'height': 4128, 'html_attributions': ['<a href=""https://maps.google.com/maps/contrib/111773054661029636182"">paulo farias</a>'], 'photo_reference': 'AeJbb3dpQ72exLiJ6RiL2yobOGQxulGC1kyc3z8121--Al1Ox9FkZ7V5S7I7dw9o7mpvhhCRVH9yeE5MELdMZIr98qDUX33wFTLoPIZ3k9h-IygKAYUGe2XBwjYSOtqbS-mJe_8lL0Vx2fTtQBKOmwU0EDeCQnMGVln05Q6irvcLtr8VK_t_', 'width': 2322}]",ChIJj5uGRNVnzpQRMwBPikQf6ns,"{'compound_code': '9GRC+WG São Mateus, São Paulo - State of São Paulo, Brazil', 'global_code': '588M9GRC+WG'}",3.2,ChIJj5uGRNVnzpQRMwBPikQf6ns,GOOGLE,"['drugstore', 'pharmacy', 'store', 'health', 'point_of_interest', 'establishment']",97,"Av. Mateo Bei, 3048 - São Mateus, São Paulo",https://www.google.com/maps/place/?q=place_id:ChIJj5uGRNVnzpQRMwBPikQf6ns
24,OPERATIONAL,"{'location': {'lat': -23.5731519, 'lng': -46.642858}, 'viewport': {'northeast': {'lat': -23.57188277010728, 'lng': -46.64137767010728}, 'southwest': {'lat': -23.57458242989272, 'lng': -46.64407732989272}}}",https://maps.gstatic.com/mapfiles/place_api/icons/v1/png_71/generic_business-71.png,#4B96F3,https://maps.gstatic.com/mapfiles/place_api/icons/v2/generic_pinlet,DROGARIA SÃO PAULO,{'open_now': True},"[{'height': 1080, 'html_attributions': ['<a href=""https://maps.google.com/maps/contrib/107253117996245167786"">Arilton</a>'], 'photo_reference': 'AeJbb3dkVhOea6dKszD92bmfvSErMrJVr6wp2pEclFOvjEkg1TRYBK-6xtWKGRoOPomvjNIsqYZnIW2AecVca-q6MRHIzcThSgDYLvekLNXeWhVR7vBbVw5XP6SIsWFUrEgrdqo5lRlZPtQ4EqXqdSEjho4kcb5VV0_1jlIBA1ENAPsmGgBA', 'width': 1920}]",ChIJtZqAa5dZzpQRv12ohFDD69Y,"{'compound_code': 'C9G4+PV Paraíso, São Paulo - State of São Paulo, Brazil', 'global_code': '588MC9G4+PV'}",3.6,ChIJtZqAa5dZzpQRv12ohFDD69Y,GOOGLE,"['drugstore', 'store', 'health', 'point_of_interest', 'establishment']",43,"Av. Bernardino de Campos, 216 - Paraíso, São Paulo",https://www.google.com/maps/place/?q=place_id:ChIJtZqAa5dZzpQRv12ohFDD69Y
25,OPERATIONAL,"{'location': {'lat': -23.4847875, 'lng': -46.7409495}, 'viewport': {'northeast': {'lat': -23.48347647010728, 'lng': -46.73951632010728}, 'southwest': {'lat': -23.48617612989272, 'lng': -46.74221597989272}}}",https://maps.gstatic.com/mapfiles/place_api/icons/v1/png_71/generic_business-71.png,#4B96F3,https://maps.gstatic.com/mapfiles/place_api/icons/v2/generic_pinlet,Drugstore Sao Paulo,{'open_now': True},"[{'height': 2208, 'html_attributions': ['<a href=""https://maps.google.com/maps/contrib/100077237637526894582"">Roni Cuba</a>'], 'photo_reference': 'AeJbb3fANxsurEG_KysusOwSU6lw-u2V_1kofekKB8rdNjcs3EvWic5mIkqNkSJq4NAAYy3IaTuNHJwYuhOTi_6zTQ0vb8dnp6PyoGRNcKoLIys7-IW4en9YvWWPndq4PeTY5yfkHOJzgIxoSguQlPnuGOszr3OHV9Hp_wk6CEqKT96H9_q7', 'width': 3680}]",ChIJNdJfK0n5zpQRA1Opua02W78,"{'compound_code': 'G785+3J Vila Pereira Barreto, São Paulo - State of São Paulo, Brazil', 'global_code': '588MG785+3J'}",3.4,ChIJNdJfK0n5zpQRA1Opua02W78,GOOGLE,"['drugstore', 'pharmacy', 'store', 'health', 'point_of_interest', 'establishment']",101,"Av. Agenor Couto de Magalhães, 25 - Vila Pereira Barreto, São Paulo",https://www.google.com/maps/place/?q=place_id:ChIJNdJfK0n5zpQRA1Opua02W78
26,OPERATIONAL,"{'location': {'lat': -23.6484704, 'lng': -46.6619853}, 'viewport': {'northeast': {'lat': -23.64719637010728, 'lng': -46.66070032010728}, 'southwest': {'lat': -23.64989602989272, 'lng': -46.66339997989272}}}",https://maps.gstatic.com/mapfiles/place_api/icons/v1/png_71/generic_business-71.png,#4B96F3,https://maps.gstatic.com/mapfiles/place_api/icons/v2/generic_pinlet,Drugstore Sao Paulo,{'open_now': True},"[{'height': 3264, 'html_attributions': ['<a href=""https://maps.google.com/maps/contrib/102053684904902364971"">Valdir de S. Consani</a>'], 'photo_reference': 'AeJbb3daGRUGefcYyCpbvjSlE1yai1OAdO9RrjHUjg12jloa7FEIg7itsS_YSNdKxCJaiODZsGMMDPeuhl1Dc52AyjAxrJ1TfR4RwaebgAv2lfnZOo1WluIVVbpSuvBYNGhPsNnBqi5saHePcAdJLpAdOuSoJuEV4tYHl9txzGHMeN5vqiFz', 'width': 1836}]",ChIJjwyv9JlazpQRQybml--l6c0,"{'compound_code': '982Q+J6 São Paulo, State of São Paulo, Brazil', 'global_code': '588M982Q+J6'}",3.8,ChIJjwyv9JlazpQRQybml--l6c0,GOOGLE,"['drugstore', 'store', 'health', 'point_of_interest', 'establishment']",50,"Av. Santa Catarina, 1539 - Vila Santa Catarina, São Paulo",https://www.google.com/maps/place/?q=place_id:ChIJjwyv9JlazpQRQybml--l6c0
27,OPERATIONAL,"{'location': {'lat': -23.6252581, 'lng': -46.557179}, 'viewport': {'northeast': {'lat': -23.62396142010728, 'lng': -46.55577522010727}, 'southwest': {'lat': -23.62666107989272, 'lng': -46.55847487989272}}}",https://maps.gstatic.com/mapfiles/place_api/icons/v1/png_71/generic_business-71.png,#4B96F3,https://maps.gstatic.com/mapfiles/place_api/icons/v2/generic_pinlet,Drugstore Sao Paulo,{'open_now': True},,ChIJsZuNVNRczpQRJ17OePrq5tk,"{'compound_code': '9CFV+V4 Santa Paula, São Caetano do Sul - State of São Paulo, Brazil', 'global_code': '588M9CFV+V4'}",3.5,ChIJsZuNVNRczpQRJ17OePrq5tk,GOOGLE,"['drugstore', 'store', 'health', 'point_of_interest', 'establishment']",61,"Av. Pres. Kennedy, 1519 - loja 01 - Santa Paula, São Caetano do Sul",https://www.google.com/maps/place/?q=place_id:ChIJsZuNVNRczpQRJ17OePrq5tk
28,OPERATIONAL,"{'location': {'lat': -23.5840902, 'lng': -46.642723}, 'viewport': {'northeast': {'lat': -23.58279667010728, 'lng': -46.64134257010728}, 'southwest': {'lat': -23.58549632989272, 'lng': -46.64404222989272}}}",https://maps.gstatic.com/mapfiles/place_api/icons/v1/png_71/generic_business-71.png,#4B96F3,https://maps.gstatic.com/mapfiles/place_api/icons/v2/generic_pinlet,Drogaria São Paulo,{'open_now': True},"[{'height': 2160, 'html_attributions': ['<a href=""https://maps.google.com/maps/contrib/107899426475477896836"">Rafael</a>'], 'photo_reference': 'AeJbb3dHF0awlNpJ89BP2DbJignGy15lcnmmbJ-VC0Chvd7HVUcTwSVmv04qUu1RmsPP3rFpBh_udUyBO_277K4rUucoUz-uvVOYXlynz6zH5qeCr5MLtROkFffwIolNmXgb8jOgiqkibozwFcJXWcljqmV9N02bfef5B_e_WS2Oc2qawI0C', 'width': 3253}]",ChIJK1f0SY9ZzpQRupw114PNKEY,"{'compound_code': 'C984+9W São Paulo, State of São Paulo, Brazil', 'global_code': '588MC984+9W'}",3.6,ChIJK1f0SY9ZzpQRupw114PNKEY,GOOGLE,"['drugstore', 'pharmacy', 'store', 'health', 'point_of_interest', 'establishment']",27,"Av. Conselheiro Rodrigues Alves, 484 - Vila Mariana, São Paulo",https://www.google.com/maps/place/?q=place_id:ChIJK1f0SY9ZzpQRupw114PNKEY
29,OPERATIONAL,"{'location': {'lat': -23.6542155, 'lng': -46.7078373}, 'viewport': {'northeast': {'lat': -23.65275127010728, 'lng': -46.70641677010727}, 'southwest': {'lat': -23.65545092989272, 'lng': -46.70911642989272}}}",https://maps.gstatic.com/mapfiles/place_api/icons/v1/png_71/generic_business-71.png,#4B96F3,https://maps.gstatic.com/mapfiles/place_api/icons/v2/generic_pinlet,DROGARIA SÃO PAULO,{'open_now': True},"[{'height': 3000, 'html_attributions': ['<a href=""https://maps.google.com/maps/contrib/114904619307052216689"">Silvia Rodrigues</a>'], 'photo_reference': 'AeJbb3d6kpVEaapu24s_TOMXBj7l4gAf6xsavL9bFAV7sWFTd3rW_R0cE7UcUXsGQW7QeZH3lSXBFm9n2tg1WPvLYoQPe1-qUjffSPm7IethiNJhnaKiwprWhTEUPjcAtrXcL6GCg1oF0HMToELd0-AQtq9vER2ZVLF2fI6sR1zc088DB4Rg', 'width': 4000}]",ChIJeaVQmVRQzpQRG56NYdFPTI8,"{'compound_code': '87WR+8V Santo Amaro, São Paulo - State of São Paulo, Brazil', 'global_code': '588M87WR+8V'}",3.6,ChIJeaVQmVRQzpQRG56NYdFPTI8,GOOGLE,"['drugstore', 'store', 'health', 'point_of_interest', 'establishment']",13,"R. Paulo Eiró, 107 - Santo Amaro, São Paulo",https://www.google.com/maps/place/?q=place_id:ChIJeaVQmVRQzpQRG56NYdFPTI8
30,OPERATIONAL,"{'location': {'lat': -23.5645659, 'lng': -46.6666917}, 'viewport': {'northeast': {'lat': -23.56316187010728, 'lng': -46.66541402010728}, 'southwest': {'lat': -23.56586152989272, 'lng': -46.66811367989272}}}",https://maps.gstatic.com/mapfiles/place_api/icons/v1/png_71/generic_business-71.png,#4B96F3,https://maps.gstatic.com/mapfiles/place_api/icons/v2/generic_pinlet,Drogaria São Paulo,{'open_now': True},"[{'height': 3264, 'html_attributions': ['<a href=""https://maps.google.com/maps/contrib/113101433662805880390"">Edison Alves</a>'], 'photo_reference': 'AeJbb3fWI4QPaMvgOaR-qG_xVGFBZff-fc1MJVDARkE4MixMSWU9RNzo-ZxyUcLVf1dG1kmOSUTcVEMui-aQIgsRpwVY1LLL5cqoBksJkkvafAZFqQCNp-DhGiniwPOciX57n1B07FwdcaDOsbDes4SEvgcc6TccW07yZvJAFAvOD16DGcYN', 'width': 2448}]",ChIJX_1HotZZzpQRfQv7DFVib88,"{'compound_code': 'C8PM+58 Cerqueira César, São Paulo - State of São Paulo, Brazil', 'global_code': '588MC8PM+58'}",3.8,ChIJX_1HotZZzpQRfQv7DFVib88,GOOGLE,"['drugstore', 'store', 'health', 'point_of_interest', 'establishment']",23,"R. Augusta, 2699 - Cerqueira César, São Paulo",https://www.google.com/maps/place/?q=place_id:ChIJX_1HotZZzpQRfQv7DFVib88
31,OPERATIONAL,"{'location': {'lat': -23.4931154, 'lng': -46.6172241}, 'viewport': {'northeast': {'lat': -23.49179177010728, 'lng': -46.61593307010727}, 'southwest': {'lat': -23.49449142989272, 'lng': -46.61863272989272}}}",https://maps.gstatic.com/mapfiles/place_api/icons/v1/png_71/generic_business-71.png,#4B96F3,https://maps.gstatic.com/mapfiles/place_api/icons/v2/generic_pinlet,Drugstore Sao Paulo,{'open_now': True},"[{'height': 1836, 'html_attributions': ['<a href=""https://maps.google.com/maps/contrib/107096382328374478141"">Daniel Portillo Serrano</a>'], 'photo_reference': 'AeJbb3cFEnwJpEFBCUJXVd9b_XYXrkxXo5bjFyAHUTnmAFI_Egh8LNZrrHcjKRj6fBwi7F6w9vlWnyxyJjiMY9Bt4bsVKVhaeyTwLFri9ptuF4beOQgteAhesi5WsGXSWfXl2JbkbfA62wxT0y0n2zF1zRzMTsjvOh8fWySYdxvrhh2DP_8g', 'width': 3264}]",ChIJ3xSXnjz2zpQRUuWKNGbfWUs,"{'compound_code': 'G94M+Q4 Jardim São Paulo, São Paulo - State of São Paulo, Brazil', 'global_code': '588MG94M+Q4'}",3.6,ChIJ3xSXnjz2zpQRUuWKNGbfWUs,GOOGLE,"['drugstore', 'store', 'health', 'point_of_interest', 'establishment']",33,"Av. Leôncio de Magalhães, 928 - Jardim São Paulo, São Paulo",https://www.google.com/maps/place/?q=place_id:ChIJ3xSXnjz2zpQRUuWKNGbfWUs
32,OPERATIONAL,"{'location': {'lat': -23.5413832, 'lng': -46.5937107}, 'viewport': {'northeast': {'lat': -23.53997857010728, 'lng': -46.59242052010728}, 'southwest': {'lat': -23.54267822989273, 'lng': -46.59512017989272}}}",https://maps.gstatic.com/mapfiles/place_api/icons/v1/png_71/generic_business-71.png,#4B96F3,https://maps.gstatic.com/mapfiles/place_api/icons/v2/generic_pinlet,DROGARIA SÃO PAULO,{'open_now': True},"[{'height': 4608, 'html_attributions': ['<a href=""https://maps.google.com/maps/contrib/102377095250769499575"">Crysler Linhares</a>'], 'photo_reference': 'AeJbb3cJg5F_GkeHhFoP8pKGYvMpx1NxnE8hgYtWdFIx5EwLZd04ESW6Fq3PbdX9EXtJwrqOKCgDGcfLeeIfdgOf4WTutkN9v0cB873J7_E8R3xHoErM7TnHZ6sal5gWmhQX3G6y1v6Qr-ATlTeMsVa4lJ4rVu0p4aaJVUaWM10XTzY6klKd', 'width': 2592}]",ChIJqxmuKS1ZzpQRjbQ29Au_8tM,"{'compound_code': 'FC54+FG Belenzinho, São Paulo - State of São Paulo, Brazil', 'global_code': '588MFC54+FG'}",3.6,ChIJqxmuKS1ZzpQRjbQ29Au_8tM,GOOGLE,"['drugstore', 'pharmacy', 'store', 'health', 'point_of_interest', 'establishment']",97,"R. Júlio de Castilhos, 744 - Belenzinho, São Paulo",https://www.google.com/maps/place/?q=place_id:ChIJqxmuKS1ZzpQRjbQ29Au_8tM
33,OPERATIONAL,"{'location': {'lat': -23.5806849, 'lng': -46.6396629}, 'viewport': {'northeast': {'lat': -23.57931917010728, 'lng': -46.63830012010727}, 'southwest': {'lat': -23.58201882989272, 'lng': -46.64099977989272}}}",https://maps.gstatic.com/mapfiles/place_api/icons/v1/png_71/generic_business-71.png,#4B96F3,https://maps.gstatic.com/mapfiles/place_api/icons/v2/generic_pinlet,Drugstore Sao Paulo,{'open_now': True},"[{'height': 4000, 'html_attributions': ['<a href=""https://maps.google.com/maps/contrib/113507192221656589678"">Karina Abe</a>'], 'photo_reference': 'AeJbb3dDpwryZ7pvBr0ty0NhBaxPkTXHm2uIObbFNNDg1aszAAPvvYXOpn6Gr4KiiBcn-C1dxo46Z-ILm6htOPjI01-op2Y0s-NbJc_nFVLARd-pTMd_Cn8feN4hoB87XFJmslP6-lACYq5NHC3fBCJiFTXW7fGcoaW1_VrQuVY5PbTbou5J', 'width': 3000}]",ChIJxX3oJzhazpQRRMJOOdHv0es,"{'compound_code': 'C996+P4 Vila Mariana, São Paulo - State of São Paulo, Brazil', 'global_code': '588MC996+P4'}",3.1,ChIJxX3oJzhazpQRRMJOOdHv0es,GOOGLE,"['drugstore', 'store', 'health', 'point_of_interest', 'establishment']",68,"R. Domingos de Morais, 418 - E 424 - Vila Mariana, São Paulo",https://www.google.com/maps/place/?q=place_id:ChIJxX3oJzhazpQRRMJOOdHv0es
34,OPERATIONAL,"{'location': {'lat': -23.5592161, 'lng': -46.6351456}, 'viewport': {'northeast': {'lat': -23.55786922010727, 'lng': -46.63372012010728}, 'southwest': {'lat': -23.56056887989272, 'lng': -46.63641977989272}}}",https://maps.gstatic.com/mapfiles/place_api/icons/v1/png_71/generic_business-71.png,#4B96F3,https://maps.gstatic.com/mapfiles/place_api/icons/v2/generic_pinlet,DROGARIA SÃO PAULO,{'open_now': True},"[{'height': 3024, 'html_attributions': ['<a href=""https://maps.google.com/maps/contrib/108307423364012455790"">Marc Witarsa</a>'], 'photo_reference': 'AeJbb3cb8GkpY6l_8mcYg_JlhA2u0Jcu0xZgl7AOS970GLLYnK39YrGdalY7JJJ6Cz2y7oWSZR08rK0fc8A-9VWuwWQoRGtJKKSNDCIg6hTWGuvG4aicwpp89wPHmEfnzsP0ks_HcFNdyWlyG62xqklPNABB13wM9JWq5VYsO5aRKNJYHHMt', 'width': 4032}]",ChIJnZwhR6ZZzpQRxmru_00krwQ,"{'compound_code': 'C9R7+8W Liberdade, São Paulo - State of São Paulo, Brazil', 'global_code': '588MC9R7+8W'}",3.4,ChIJnZwhR6ZZzpQRxmru_00krwQ,GOOGLE,"['drugstore', 'store', 'health', 'point_of_interest', 'establishment']",64,"R GALVAO BUENO 396 398 E 412 loja 01 E 02 EDIF PACIFIC - Liberdade, São Paulo",https://www.google.com/maps/place/?q=place_id:ChIJnZwhR6ZZzpQRxmru_00krwQ
35,OPERATIONAL,"{'location': {'lat': -23.5018705, 'lng': -46.6941904}, 'viewport': {'northeast': {'lat': -23.50051617010728, 'lng': -46.69289272010727}, 'southwest': {'lat': -23.50321582989272, 'lng': -46.69559237989272}}}",https://maps.gstatic.com/mapfiles/place_api/icons/v1/png_71/generic_business-71.png,#4B96F3,https://maps.gstatic.com/mapfiles/place_api/icons/v2/generic_pinlet,Drugstore Sao Paulo,{'open_now': True},"[{'height': 1876, 'html_attributions': ['<a href=""https://maps.google.com/maps/contrib/104452073780456756606"">Patricia Oshiro</a>'], 'photo_reference': 'AeJbb3f1LFDpuvUzrOa-4i1cjvnaaO7Fd4GNybc2w1wU8MH2M-6jDTesvBdly0xT9c8Qt8az0qfleF4fuZhuhr2xXE8WoS01utXlgyFYYYegkZaEPrBrb9Cd3yMnCTwF5TJC0OM4qyjthbhBNH3tY6ZAb5wG03V0sLQLENV2puQ8K0o_mQpj', 'width': 1402}]",ChIJhSIiqUj4zpQRWtM4L_4e-aw,"{'compound_code': 'F8X4+68 Freguesia do Ó, São Paulo - State of São Paulo, Brazil', 'global_code': '588MF8X4+68'}",4.3,ChIJhSIiqUj4zpQRWtM4L_4e-aw,GOOGLE,"['drugstore', 'store', 'health', 'point_of_interest', 'establishment']",24,"R. Bonifácio Cubas, 116 - Freguesia do Ó, São Paulo",https://www.google.com/maps/place/?q=place_id:ChIJhSIiqUj4zpQRWtM4L_4e-aw
36,OPERATIONAL,"{'location': {'lat': -23.5708313, 'lng': -46.5405225}, 'viewport': {'northeast': {'lat': -23.56950267010728, 'lng': -46.53912707010728}, 'southwest': {'lat': -23.57220232989272, 'lng': -46.54182672989272}}}",https://maps.gstatic.com/mapfiles/place_api/icons/v1/png_71/generic_business-71.png,#4B96F3,https://maps.gstatic.com/mapfiles/place_api/icons/v2/generic_pinlet,Drugstore Sao Paulo,{'open_now': True},"[{'height': 2988, 'html_attributions': ['<a href=""https://maps.google.com/maps/contrib/102424945666028603462"">A Google User</a>'], 'photo_reference': 'AeJbb3d6bm2H7JH7_JeLZnBPSCy0kyO7ND--Z-9IVyAqO_9P9oK1P0K6RbRUY42U7NtFH-D1iR4MzSNyZSZ57DO_b2KgnSPC9LUVuXYxq8qhWHDaCrG2kwoS2bHyRJfbwTy4fDO02EuB4Iw6EQrKZzP-L06mperKmyJhPdZx3Z-fetEh_DJk', 'width': 5312}]",ChIJV2EYLcddzpQRq0498AoiAB8,"{'compound_code': 'CFH5+MQ Chácara Belenzinho, São Paulo - State of São Paulo, Brazil', 'global_code': '588MCFH5+MQ'}",3.7,ChIJV2EYLcddzpQRq0498AoiAB8,GOOGLE,"['drugstore', 'pharmacy', 'store', 'health', 'point_of_interest', 'establishment']",76,"Av. Renata, 60 - Chácara Belenzinho, São Paulo",https://www.google.com/maps/place/?q=place_id:ChIJV2EYLcddzpQRq0498AoiAB8
37,OPERATIONAL,"{'location': {'lat': -23.5462073, 'lng': -46.54255089999999}, 'viewport': {'northeast': {'lat': -23.54489912010728, 'lng': -46.54120472010726}, 'southwest': {'lat': -23.54759877989272, 'lng': -46.54390437989271}}}",https://maps.gstatic.com/mapfiles/place_api/icons/v1/png_71/generic_business-71.png,#4B96F3,https://maps.gstatic.com/mapfiles/place_api/icons/v2/generic_pinlet,Drugstore Sao Paulo,{'open_now': True},"[{'height': 2651, 'html_attributions': ['<a href=""https://maps.google.com/maps/contrib/108632853287587326835"">wilson mendes</a>'], 'photo_reference': 'AeJbb3cKNZd-CypgDGMkvkGK5gTf6nfQbC9AX1RX7aNnUCzXP7zVlKqOYHBb7M346pDE97HoRPthwL0kcRArJwY2uTKIyjVHW2m_OLGFvmle6eYfDrUU42TfF_AS4t0dsxJc0PBwhMCh7IPXsnzHDsSZtCS-jwQdzwJA9r0K7_NYB5VwPGjy', 'width': 3474}]",ChIJf--wtXFezpQR6-5a_-rRFOE,"{'compound_code': 'FF34+GX Vila Carrão, São Paulo - State of São Paulo, Brazil', 'global_code': '588MFF34+GX'}",3.8,ChIJf--wtXFezpQR6-5a_-rRFOE,GOOGLE,"['drugstore', 'pharmacy', 'store', 'health', 'point_of_interest', 'establishment']",142,"Av. Conselheiro Carrão, 1913 - Vila Carrao, São Paulo",https://www.google.com/maps/place/?q=place_id:ChIJf--wtXFezpQR6-5a_-rRFOE
38,OPERATIONAL,"{'location': {'lat': -23.6811396, 'lng': -46.6387951}, 'viewport': {'northeast': {'lat': -23.67974642010728, 'lng': -46.63740497010728}, 'southwest': {'lat': -23.68244607989272, 'lng': -46.64010462989273}}}",https://maps.gstatic.com/mapfiles/place_api/icons/v1/png_71/generic_business-71.png,#4B96F3,https://maps.gstatic.com/mapfiles/place_api/icons/v2/generic_pinlet,DROGARIA SÃO PAULO,{'open_now': True},"[{'height': 1408, 'html_attributions': ['<a href=""https://maps.google.com/maps/contrib/112107678549005619827"">ERIK arlington</a>'], 'photo_reference': 'AeJbb3eDKEv6wtOJlFtB9QAQxxk0rKDf0dcc39hJl6CBCRVVhKKtILpbIEt829B7A4dzNgssaNK1Ovvf08GHvxcDngGEdrnux5PRHFOhfTxkI9Mzso0164fMpxQMLP4uzKBF5B0qfLPZ_y1VRr1reu2uNA3RqpYAe1lJtCIyHi38epOLDT3i', 'width': 1504}]",ChIJU64UUSJFzpQR44dTvNtaypo,"{'compound_code': '8996+GF São Paulo, State of São Paulo, Brazil', 'global_code': '588M8996+GF'}",3.7,ChIJU64UUSJFzpQR44dTvNtaypo,GOOGLE,"['drugstore', 'store', 'health', 'point_of_interest', 'establishment']",57,"Av. Cupecê, 5400 - E 5460 - Jardim Prudência, São Paulo",https://www.google.com/maps/place/?q=place_id:ChIJU64UUSJFzpQR44dTvNtaypo
39,OPERATIONAL,"{'location': {'lat': -23.4909696, 'lng': -46.5746253}, 'viewport': {'northeast': {'lat': -23.48962027010728, 'lng': -46.57322602010727}, 'southwest': {'lat': -23.49231992989272, 'lng': -46.57592567989271}}}",https://maps.gstatic.com/mapfiles/place_api/icons/v1/png_71/generic_business-71.png,#4B96F3,https://maps.gstatic.com/mapfiles/place_api/icons/v2/generic_pinlet,Drugstore Sao Paulo,{'open_now': True},"[{'height': 3000, 'html_attributions': ['<a href=""https://maps.google.com/maps/contrib/106613560338527906863"">Ellen Slima</a>'], 'photo_reference': 'AeJbb3cxHBy9TcXHFwecnwd6r1EotLmwEINYl9E6b-x2SeTdCY0WDuVubggaEyxhqgaBx88h58DxGyH1PmbRJ8vs1gD-hWmDxknudBEgpO2bxjrR5Da7PfY93Z-bvx9j1YmdeK2nd-ChZOxeeBOCMsPu0TtKVbZr6lTJJAllVn1oNOStvLX0', 'width': 4000}]",ChIJu6rC2l9fzpQR15pj2XdMsGw,"{'compound_code': 'GC5G+J4 São Paulo, State of São Paulo, Brazil', 'global_code': '588MGC5G+J4'}",3.5,ChIJu6rC2l9fzpQR15pj2XdMsGw,GOOGLE,"['drugstore', 'pharmacy', 'store', 'health', 'point_of_interest', 'establishment']",90,"Av. Milton da Rocha, 51 - Vila Sabrina, São Paulo",https://www.google.com/maps/place/?q=place_id:ChIJu6rC2l9fzpQR15pj2XdMsGw
40,OPERATIONAL,"{'location': {'lat': -23.5545356, 'lng': -46.6618171}, 'viewport': {'northeast': {'lat': -23.55322127010727, 'lng': -46.66043307010728}, 'southwest': {'lat': -23.55592092989272, 'lng': -46.66313272989272}}}",https://maps.gstatic.com/mapfiles/place_api/icons/v1/png_71/generic_business-71.png,#4B96F3,https://maps.gstatic.com/mapfiles/place_api/icons/v2/generic_pinlet,DROGARIA SÃO PAULO,{'open_now': True},"[{'height': 2268, 'html_attributions': ['<a href=""https://maps.google.com/maps/contrib/103993036156039702354"">Eduardo Eros</a>'], 'photo_reference': 'AeJbb3f36wkza6ZfDLKumoMEAA1lXYkWO_yZr-SGmR2AVLUtZyf3UEwCZC7_gIpIrObSyknTN928jXRE0H36IHCsXX932-Bhf-8S3INLxmUxSgu6kIdn_ZHQX041ngG_m267GJ8cDvfUofbf4zq2pC5g2CnZxgUCUuFcOZzq9GTpupyH1Ky7', 'width': 4032}]",ChIJbcNply1YzpQRC_DDVxQdHZY,"{'compound_code': 'C8WQ+57 São Paulo, State of São Paulo, Brazil', 'global_code': '588MC8WQ+57'}",4.0,ChIJbcNply1YzpQRC_DDVxQdHZY,GOOGLE,"['drugstore', 'store', 'health', 'point_of_interest', 'establishment']",19,"R DA CONSOLACAO 2294 2298 2302 2316, loja 2 - Consolação, São Paulo",https://www.google.com/maps/place/?q=place_id:ChIJbcNply1YzpQRC_DDVxQdHZY
41,OPERATIONAL,"{'location': {'lat': -23.5651019, 'lng': -46.67998739999999}, 'viewport': {'northeast': {'lat': -23.56382092010728, 'lng': -46.67859407010728}, 'southwest': {'lat': -23.56652057989272, 'lng': -46.68129372989272}}}",https://maps.gstatic.com/mapfiles/place_api/icons/v1/png_71/generic_business-71.png,#4B96F3,https://maps.gstatic.com/mapfiles/place_api/icons/v2/generic_pinlet,DROGARIA SÃO PAULO,{'open_now': True},"[{'height': 2231, 'html_attributions': ['<a href=""https://maps.google.com/maps/contrib/114633030798463560483"">Murillo Paschoal</a>'], 'photo_reference': 'AeJbb3fiXThazWWvLGxVZy8fuLgi8Na6ChmD3_S9-cDkniNZiST_I5okHFSNJ4Kkyq4dxGoIEXP_rJ53H4xcU-ZqcpASsXucu6zd_bNbGwiRNmcFF_9aXredh-T6tKtgCL3pXAtPiq2QpxXtvNnQVerlpeB-vKA6wJHHos4QERTIAanSZrKC', 'width': 3967}]",ChIJE_NgIHhXzpQRsdijpXeHtpo,"{'compound_code': 'C8MC+X2 São Paulo, State of São Paulo, Brazil', 'global_code': '588MC8MC+X2'}",4.3,ChIJE_NgIHhXzpQRsdijpXeHtpo,GOOGLE,"['drugstore', 'store', 'health', 'point_of_interest', 'establishment']",27,"Av. Rebouças, 2036 - L 02 - Jardim Paulista, São Paulo",https://www.google.com/maps/place/?q=place_id:ChIJE_NgIHhXzpQRsdijpXeHtpo
42,OPERATIONAL,"{'location': {'lat': -23.5093553, 'lng': -46.6662309}, 'viewport': {'northeast': {'lat': -23.50797967010728, 'lng': -46.66484492010727}, 'southwest': {'lat': -23.51067932989272, 'lng': -46.66754457989272}}}",https://maps.gstatic.com/mapfiles/place_api/icons/v1/png_71/generic_business-71.png,#4B96F3,https://maps.gstatic.com/mapfiles/place_api/icons/v2/generic_pinlet,DROGARIA SÃO PAULO,{'open_now': True},"[{'height': 1920, 'html_attributions': ['<a href=""https://maps.google.com/maps/contrib/113466777624071450291"">Willian Souza</a>'], 'photo_reference': 'AeJbb3fHf2xgs7O4Rz70rZnPLJpWiK7sokLJ0A9RIYRtb69nvxKj6yVPjMYozCGfFw0vIvpef-y734-LEuYavjrmOGhHcfFprqaownXyWjtl1aSJiIpKVnp4nTW6O0uqv1Y670XRXWMvexOpud5xsHuDLpeaIoTT_FiaaRMPh5KON24YD6YK', 'width': 1080}]",ChIJkVnuKPf3zpQROj04DzQgWmY,"{'compound_code': 'F8RM+6F São Paulo, State of São Paulo, Brazil', 'global_code': '588MF8RM+6F'}",4.1,ChIJkVnuKPf3zpQROj04DzQgWmY,GOOGLE,"['drugstore', 'store', 'health', 'point_of_interest', 'establishment']",37,"Praça Delegado Amoroso Neto, N 21/ 27 - Casa Verde, São Paulo",https://www.google.com/maps/place/?q=place_id:ChIJkVnuKPf3zpQROj04DzQgWmY
43,OPERATIONAL,"{'location': {'lat': -23.5022604, 'lng': -46.6948483}, 'viewport': {'northeast': {'lat': -23.50085492010728, 'lng': -46.69351357010728}, 'southwest': {'lat': -23.50355457989272, 'lng': -46.69621322989272}}}",https://maps.gstatic.com/mapfiles/place_api/icons/v1/png_71/generic_business-71.png,#4B96F3,https://maps.gstatic.com/mapfiles/place_api/icons/v2/generic_pinlet,Drugstore Sao Paulo,{'open_now': True},,ChIJe35DVU_4zpQRpbR-A2dMIBk,"{'compound_code': 'F8X4+33 São Paulo, State of São Paulo, Brazil', 'global_code': '588MF8X4+33'}",3.7,ChIJe35DVU_4zpQRpbR-A2dMIBk,GOOGLE,"['drugstore', 'store', 'health', 'point_of_interest', 'establishment']",29,"Av. Santa Marina, 2589 - Vila Albertina, São Paulo",https://www.google.com/maps/place/?q=place_id:ChIJe35DVU_4zpQRpbR-A2dMIBk
44,OPERATIONAL,"{'location': {'lat': -23.6658454, 'lng': -46.6575323}, 'viewport': {'northeast': {'lat': -23.66444257010728, 'lng': -46.65614807010728}, 'southwest': {'lat': -23.66714222989272, 'lng': -46.65884772989272}}}",https://maps.gstatic.com/mapfiles/place_api/icons/v1/png_71/generic_business-71.png,#4B96F3,https://maps.gstatic.com/mapfiles/place_api/icons/v2/generic_pinlet,drogaria sao paulo,{},"[{'height': 4000, 'html_attributions': ['<a href=""https://maps.google.com/maps/contrib/117717186093826831638"">alexandra dias</a>'], 'photo_reference': 'AeJbb3fUhh7Vi5jSDYuCnJNJJY84HzZkVwCyD5-kbG1aWrisTH4LEhpmiUMP-RB2jvNxRneQobhNQhEtOVIRjp29mSxCNf7Km0HOLG3_WTqZSYgRLI_j5V4zhIeWZNAUfFDoPzGDGDGDcMftIT1SuC_UfYH57nqIJSbCqJGMPVNz2LxPqjne', 'width': 1800}]",ChIJkVFO37NazpQRWYOCN1qw5Rw,"{'compound_code': '88MR+MX São Paulo, State of São Paulo, Brazil', 'global_code': '588M88MR+MX'}",4.4,ChIJkVFO37NazpQRWYOCN1qw5Rw,GOOGLE,"['drugstore', 'store', 'health', 'point_of_interest', 'establishment']",5,"Av. Cupecê, 2874 - Cidade Ademar, São Paulo",https://www.google.com/maps/place/?q=place_id:ChIJkVFO37NazpQRWYOCN1qw5Rw
45,OPERATIONAL,"{'location': {'lat': -23.6147431, 'lng': -46.6587811}, 'viewport': {'northeast': {'lat': -23.61337852010728, 'lng': -46.65744927010728}, 'southwest': {'lat': -23.61607817989272, 'lng': -46.66014892989272}}}",https://maps.gstatic.com/mapfiles/place_api/icons/v1/png_71/generic_business-71.png,#4B96F3,https://maps.gstatic.com/mapfiles/place_api/icons/v2/generic_pinlet,DROGARIA SÃO PAULO,{'open_now': True},"[{'height': 4160, 'html_attributions': ['<a href=""https://maps.google.com/maps/contrib/113672082950578792769"">Caique Nassar</a>'], 'photo_reference': 'AeJbb3dVmrHiNup79UcOvdXuYs-lSUiz2voXu74W1tWuR9R-idC-0D9lkBFUt79Uz7t5awjv06nHA2GKRCypApWeAfR6IkJG90cgJn_E__EqeIzfITjrlIpfHEAL3nhCKCivwDDlFLvj5KbW34FEPUxkh2aMfJ7ncffXUM4Out8g2tc5qhNP', 'width': 2340}]",ChIJ6zBRJG1azpQRAT-NdAb1R2k,"{'compound_code': '98PR+3G Planalto Paulista, São Paulo - State of São Paulo, Brazil', 'global_code': '588M98PR+3G'}",4.1,ChIJ6zBRJG1azpQRAT-NdAb1R2k,GOOGLE,"['drugstore', 'store', 'health', 'point_of_interest', 'establishment']",40,"Avenida Moreira Guimarães NR, 979 - Planalto Paulista, São Paulo",https://www.google.com/maps/place/?q=place_id:ChIJ6zBRJG1azpQRAT-NdAb1R2k
46,OPERATIONAL,"{'location': {'lat': -23.5422471, 'lng': -46.6576357}, 'viewport': {'northeast': {'lat': -23.54067767010728, 'lng': -46.65662712010727}, 'southwest': {'lat': -23.54337732989272, 'lng': -46.65932677989272}}}",https://maps.gstatic.com/mapfiles/place_api/icons/v1/png_71/generic_business-71.png,#4B96F3,https://maps.gstatic.com/mapfiles/place_api/icons/v2/generic_pinlet,drogaria sao paulo,,,ChIJUX_HjjtYzpQRlsQ74XFCj1o,"{'compound_code': 'F85R+4W São Paulo, State of São Paulo, Brazil', 'global_code': '588MF85R+4W'}",0.0,ChIJUX_HjjtYzpQRlsQ74XFCj1o,GOOGLE,"['drugstore', 'store', 'health', 'point_of_interest', 'establishment']",0,"Av. Higienópolis, 618 - LJ 3023HIGIENOPOLIS - Higienópolis, São Paulo",https://www.google.com/maps/place/?q=place_id:ChIJUX_HjjtYzpQRlsQ74XFCj1o
47,OPERATIONAL,"{'location': {'lat': -23.5465831, 'lng': -46.6692993}, 'viewport': {'northeast': {'lat': -23.54518707010728, 'lng': -46.66794397010727}, 'southwest': {'lat': -23.54788672989272, 'lng': -46.67064362989271}}}",https://maps.gstatic.com/mapfiles/place_api/icons/v1/png_71/generic_business-71.png,#4B96F3,https://maps.gstatic.com/mapfiles/place_api/icons/v2/generic_pinlet,Drogaria São Paulo,{'open_now': True},"[{'height': 4000, 'html_attributions': ['<a href=""https://maps.google.com/maps/contrib/112342290422597419452"">Willian Uckermann</a>'], 'photo_reference': 'AeJbb3da50scHOMMsrZcWrA9N2KDk1mnAfOW6A4fgltY7xjAKBqC-WhX8ll7DzFg12LNW0fSf_OJ8RkTuW-4v-H8j9o4vhXtptRGloaTL673bfbyOQxgPD0xIawhvCuGOXfmzZfQ4e-f5XrC6MIsqc9qyLpLBjda8_D48hUVri4zdsuFZRY', 'width': 3000}]",ChIJKdAaSSdYzpQROOdfIV9hQ9w,"{'compound_code': 'F83J+97 Pacaembu, São Paulo - State of São Paulo, Brazil', 'global_code': '588MF83J+97'}",4.0,ChIJKdAaSSdYzpQROOdfIV9hQ9w,GOOGLE,"['drugstore', 'store', 'health', 'point_of_interest', 'establishment']",20,"Praça Wendell Wilkie, 95 - Pacaembu, São Paulo",https://www.google.com/maps/place/?q=place_id:ChIJKdAaSSdYzpQROOdfIV9hQ9w
48,OPERATIONAL,"{'location': {'lat': -23.6071187, 'lng': -46.7080956}, 'viewport': {'northeast': {'lat': -23.60572457010728, 'lng': -46.70673327010728}, 'southwest': {'lat': -23.60842422989272, 'lng': -46.70943292989272}}}",https://maps.gstatic.com/mapfiles/place_api/icons/v1/png_71/generic_business-71.png,#4B96F3,https://maps.gstatic.com/mapfiles/place_api/icons/v2/generic_pinlet,Drugstore Sao Paulo,{'open_now': True},,ChIJDVSlHypXzpQRMA0oyVyOxjY,"{'compound_code': '97VR+5Q São Paulo, State of São Paulo, Brazil', 'global_code': '588M97VR+5Q'}",4.4,ChIJDVSlHypXzpQRMA0oyVyOxjY,GOOGLE,"['drugstore', 'store', 'health', 'point_of_interest', 'establishment']",27,"R. Visc. de Nacar, 333 - Real Parque, São Paulo",https://www.google.com/maps/place/?q=place_id:ChIJDVSlHypXzpQRMA0oyVyOxjY
49,OPERATIONAL,"{'location': {'lat': -23.5747131, 'lng': -46.65623770000001}, 'viewport': {'northeast': {'lat': -23.57331832010728, 'lng': -46.65492782010728}, 'southwest': {'lat': -23.57601797989272, 'lng': -46.65762747989272}}}",https://maps.gstatic.com/mapfiles/place_api/icons/v1/png_71/generic_business-71.png,#4B96F3,https://maps.gstatic.com/mapfiles/place_api/icons/v2/generic_pinlet,DROGARIA SÃO PAULO,{'open_now': True},"[{'height': 4160, 'html_attributions': ['<a href=""https://maps.google.com/maps/contrib/111252281461019645411"">Dêdigo Silva</a>'], 'photo_reference': 'AeJbb3fwPoDaYZWJ94WaHIXvJamEJyVFLIcyfSNDYOzj9fY7h6xFOR7YcJ6iyQaEWPMtFVq9Ww6rvyiLZIvdsx7NyueK1pktJX4wO1n9jgiZCD_M3v9nfw6PcFlnDpRI8hl3OLPo4-QFSWutNRPfUPQvM9paiOKXmSFxaYMhuoa7NJFMnfwY', 'width': 3120}]",ChIJ45OFAMJZzpQRGA_rUDYcOqk,"{'compound_code': 'C8GV+4G Jardim Paulista, São Paulo - State of São Paulo, Brazil', 'global_code': '588MC8GV+4G'}",3.9,ChIJ45OFAMJZzpQRGA_rUDYcOqk,GOOGLE,"['drugstore', 'store', 'health', 'point_of_interest', 'establishment']",23,"Av. Brigadeiro Luís Antônio, 3355 - Jardim Paulista, São Paulo",https://www.google.com/maps/place/?q=place_id:ChIJ45OFAMJZzpQRGA_rUDYcOqk
50,OPERATIONAL,"{'location': {'lat': -23.4889266, 'lng': -46.71964759999999}, 'viewport': {'northeast': {'lat': -23.48750207010728, 'lng': -46.71822177010728}, 'southwest': {'lat': -23.49020172989272, 'lng': -46.72092142989273}}}",https://maps.gstatic.com/mapfiles/place_api/icons/v1/png_71/generic_business-71.png,#4B96F3,https://maps.gstatic.com/mapfiles/place_api/icons/v2/generic_pinlet,Drugstore Sao Paulo,{'open_now': True},"[{'height': 3024, 'html_attributions': ['<a href=""https://maps.google.com/maps/contrib/114867819333318562986"">George O. Batista</a>'], 'photo_reference': 'AeJbb3c95mYXtQSHdnItYttwlKm64QmY1_9Lb1s3ketnYuIdno8JeY7JfslX12JGbn77hOmdJ5l2ERgotaRpDL9xuuRGYMGsb6u53SsmdQ8DeH1W1tb7vkXvXJXOO7Eu8SgCFpMeQb9WwLnLJaVW8seXjD7b8vU_2z03HTDRXh2meRY6-KtA', 'width': 4032}]",ChIJJ--LzxH5zpQRtD5PJiGfKHM,"{'compound_code': 'G76J+C4 Vila Pirituba, São Paulo - State of São Paulo, Brazil', 'global_code': '588MG76J+C4'}",3.6,ChIJJ--LzxH5zpQRtD5PJiGfKHM,GOOGLE,"['drugstore', 'store', 'health', 'point_of_interest', 'establishment']",50,"Av. Paula Ferreira, 2885 - Vila Pirituba, São Paulo",https://www.google.com/maps/place/?q=place_id:ChIJJ--LzxH5zpQRtD5PJiGfKHM
51,OPERATIONAL,"{'location': {'lat': -23.6024293, 'lng': -46.615004}, 'viewport': {'northeast': {'lat': -23.60107132010728, 'lng': -46.61360477010727}, 'southwest': {'lat': -23.60377097989272, 'lng': -46.61630442989272}}}",https://maps.gstatic.com/mapfiles/place_api/icons/v1/png_71/generic_business-71.png,#4B96F3,https://maps.gstatic.com/mapfiles/place_api/icons/v2/generic_pinlet,Drugstore Sao Paulo,{'open_now': True},"[{'height': 1823, 'html_attributions': ['<a href=""https://maps.google.com/maps/contrib/106821811079472859068"">Ize Kampus</a>'], 'photo_reference': 'AeJbb3eTbHjA5Kj-PQ5QHWJlR56DU0FMBakLY8Q0dSn6-1yB0h75wlqMsfQtOlvQmQjhSta88eDlhVbU-LDfl7rnTLbYQiWZgZ46-wsYEPqDUTT25SgRIvZcXzo_HshDe_sY-Ws1PrMcWlJLju_BMr3prG2hkHGFTLTTcyEnbB4Msllhj0ao', 'width': 2709}]",ChIJnUHoYb5bzpQRDtv0OGKNFNc,"{'compound_code': '99XP+22 São Paulo, State of São Paulo, Brazil', 'global_code': '588M99XP+22'}",3.7,ChIJnUHoYb5bzpQRDtv0OGKNFNc,GOOGLE,"['drugstore', 'store', 'health', 'point_of_interest', 'establishment']",58,"Rua Vergueiro, 6450/6454 - ALTO DO IPIRANGA, São Paulo",https://www.google.com/maps/place/?q=place_id:ChIJnUHoYb5bzpQRDtv0OGKNFNc
52,OPERATIONAL,"{'location': {'lat': -23.5842118, 'lng': -46.6727071}, 'viewport': {'northeast': {'lat': -23.58283597010728, 'lng': -46.67136517010728}, 'southwest': {'lat': -23.58553562989272, 'lng': -46.67406482989272}}}",https://maps.gstatic.com/mapfiles/place_api/icons/v1/png_71/generic_business-71.png,#4B96F3,https://maps.gstatic.com/mapfiles/place_api/icons/v2/generic_pinlet,DROGARIA SÃO PAULO,{'open_now': True},,ChIJE0BaIV9XzpQRVCTaAbO_1ZE,"{'compound_code': 'C88G+7W Itaim Bibi, São Paulo - State of São Paulo, Brazil', 'global_code': '588MC88G+7W'}",4.2,ChIJE0BaIV9XzpQRVCTaAbO_1ZE,GOOGLE,"['drugstore', 'store', 'health', 'point_of_interest', 'establishment']",16,"R. Joaquim Floriano, 277 - Itaim Bibi, São Paulo",https://www.google.com/maps/place/?q=place_id:ChIJE0BaIV9XzpQRVCTaAbO_1ZE
53,OPERATIONAL,"{'location': {'lat': -23.5943075, 'lng': -46.6834773}, 'viewport': {'northeast': {'lat': -23.59297142010728, 'lng': -46.68218172010727}, 'southwest': {'lat': -23.59567107989272, 'lng': -46.68488137989272}}}",https://maps.gstatic.com/mapfiles/place_api/icons/v1/png_71/generic_business-71.png,#4B96F3,https://maps.gstatic.com/mapfiles/place_api/icons/v2/generic_pinlet,DROGARIA SÃO PAULO,{'open_now': True},"[{'height': 3024, 'html_attributions': ['<a href=""https://maps.google.com/maps/contrib/103198868367430265278"">secabral</a>'], 'photo_reference': 'AeJbb3cwb8IPgTqiTJpFFislWdx_I5rTYRgP10kdScuuHjlIQBufkFlrZDUXbaLvrP2CXGX3_kuTCL-jPTbVEytjaxRYiB0tZ-l8-jtN75TcTaHic33aEsGFYexAQfLcr_ghSy4DjXyWhKPkfjfS7r6vN0Cdw7uobiBuVErpJvcEdweUvy4', 'width': 4032}]",ChIJj-v6ZU9XzpQRuqYnFb-IT6E,"{'compound_code': 'C848+7J Vila Olímpia, São Paulo - State of São Paulo, Brazil', 'global_code': '588MC848+7J'}",3.7,ChIJj-v6ZU9XzpQRuqYnFb-IT6E,GOOGLE,"['drugstore', 'store', 'health', 'point_of_interest', 'establishment']",19,"R. Ramos Batista, 421 - Vila Olímpia, São Paulo",https://www.google.com/maps/place/?q=place_id:ChIJj-v6ZU9XzpQRuqYnFb-IT6E
54,OPERATIONAL,"{'location': {'lat': -23.6246136, 'lng': -46.6283614}, 'viewport': {'northeast': {'lat': -23.62324397010728, 'lng': -46.62708922010728}, 'southwest': {'lat': -23.62594362989272, 'lng': -46.62978887989273}}}",https://maps.gstatic.com/mapfiles/place_api/icons/v1/png_71/generic_business-71.png,#4B96F3,https://maps.gstatic.com/mapfiles/place_api/icons/v2/generic_pinlet,São Paulo Drugstore,{'open_now': True},"[{'height': 3264, 'html_attributions': ['<a href=""https://maps.google.com/maps/contrib/100689876158369561560"">Eduardo Carvalho</a>'], 'photo_reference': 'AeJbb3fAih3dgPKz-Le_GnfxPQ9tBzZbaGZtIrVu5mXJwE2lK3xIjlEhp_jfQJB5Qc6eZG_1vJihvfGOnon_qb7qHkpgYztjy3Ysz9ZRLnlVjvAKC6mtXk4srLw53fSx417psqSB5_zb6Zhvjro5GPIbMDkXshGnIWcJWi3K0yAy8OYgQIJC', 'width': 1836}]",ChIJpZRJL6pbzpQR0pq_PZW7GZA,"{'compound_code': '99GC+5M São Paulo, State of São Paulo, Brazil', 'global_code': '588M99GC+5M'}",3.6,ChIJpZRJL6pbzpQR0pq_PZW7GZA,GOOGLE,"['drugstore', 'store', 'health', 'point_of_interest', 'establishment']",20,"Av. Prof. Abraão de Morais, 2233 - loja 02 - Vila da Saúde, São Paulo",https://www.google.com/maps/place/?q=place_id:ChIJpZRJL6pbzpQR0pq_PZW7GZA
55,OPERATIONAL,"{'location': {'lat': -23.5637741, 'lng': -46.68801380000001}, 'viewport': {'northeast': {'lat': -23.56243292010728, 'lng': -46.68664787010727}, 'southwest': {'lat': -23.56513257989272, 'lng': -46.68934752989271}}}",https://maps.gstatic.com/mapfiles/place_api/icons/v1/png_71/generic_business-71.png,#4B96F3,https://maps.gstatic.com/mapfiles/place_api/icons/v2/generic_pinlet,DROGARIA SÃO PAULO,{'open_now': True},"[{'height': 1920, 'html_attributions': ['<a href=""https://maps.google.com/maps/contrib/107253117996245167786"">Arilton</a>'], 'photo_reference': 'AeJbb3cxKVC8wIy6t5c7oyOAqVofX3PJrTI9BzD2a299cV0Qf2klQ60lGuyHqywGrPhg_v_sIZxZ0S5xThnjktqgWHTnd0qOdXlHEWIuqjioBr54EorIb2UVYnqZ3i-QbzPfXmqqsf2zFnu9svhd26vdlIq8WVZsogWdVw7tJzE63g07A4ID', 'width': 1080}]",ChIJF3gxnD5XzpQRJf4cVdHVjhU,"{'compound_code': 'C8P6+GQ Pinheiros, São Paulo - State of São Paulo, Brazil', 'global_code': '588MC8P6+GQ'}",3.9,ChIJF3gxnD5XzpQRJf4cVdHVjhU,GOOGLE,"['drugstore', 'store', 'health', 'point_of_interest', 'establishment']",19,"R. Teodoro Sampaio, 2014 - Pinheiros, São Paulo",https://www.google.com/maps/place/?q=place_id:ChIJF3gxnD5XzpQRJf4cVdHVjhU
56,OPERATIONAL,"{'location': {'lat': -23.550893, 'lng': -46.721833}, 'viewport': {'northeast': {'lat': -23.54973967010728, 'lng': -46.72057627010727}, 'southwest': {'lat': -23.55243932989272, 'lng': -46.72327592989271}}}",https://maps.gstatic.com/mapfiles/place_api/icons/v1/png_71/generic_business-71.png,#4B96F3,https://maps.gstatic.com/mapfiles/place_api/icons/v2/generic_pinlet,Drugstore Sao Paulo,{'open_now': True},"[{'height': 4032, 'html_attributions': ['<a href=""https://maps.google.com/maps/contrib/117081964010377303680"">Adroaldo Lunardelli</a>'], 'photo_reference': 'AeJbb3fSORww1MtyIAHUj1bHTpipp9XDzmnasK52OvcXdNSD0WXhnMcCWkZNNHVJ4nLYmn9MVQvdSJcByYKsuvfcUbazPNjjQ_1hzyD_Ly9VPVoSMJR6D4Wuchdqb5KiY7O9KSUkRzdVyC_-gbfjQ_0a3lZ-saszOSCDNQ6aw3nEXhbUGtah', 'width': 3024}]",ChIJPZpaCDtWzpQRDegx_P_rTFg,"{'compound_code': 'C7XH+J7 Pinheiros, São Paulo - State of São Paulo, Brazil', 'global_code': '588MC7XH+J7'}",4.1,ChIJPZpaCDtWzpQRDegx_P_rTFg,GOOGLE,"['drugstore', 'pharmacy', 'store', 'health', 'point_of_interest', 'establishment']",8,"Av. das Nações Unidas, 4777 - Pinheiros, São Paulo",https://www.google.com/maps/place/?q=place_id:ChIJPZpaCDtWzpQRDegx_P_rTFg
57,OPERATIONAL,"{'location': {'lat': -23.6680601, 'lng': -46.6103406}, 'viewport': {'northeast': {'lat': -23.66672602010728, 'lng': -46.60897032010728}, 'southwest': {'lat': -23.66942567989272, 'lng': -46.61166997989272}}}",https://maps.gstatic.com/mapfiles/place_api/icons/v1/png_71/generic_business-71.png,#4B96F3,https://maps.gstatic.com/mapfiles/place_api/icons/v2/generic_pinlet,Drugstore Sao Paulo,{'open_now': True},"[{'height': 1080, 'html_attributions': ['<a href=""https://maps.google.com/maps/contrib/103400627491201088152"">Márcio Nunes</a>'], 'photo_reference': 'AeJbb3dxKlA7z5pX6LZRndCuD97h2FNHacoIkNixMEk-ahdBRAiOyDladYxUojCpdRsloEQ0ZFcadzm2w1FXtpnEzC58Fn6RH65Bb5eFj9981k3sBVatKkz7cQ5V9fqTGo-__AhTho1D4NGEJeBip8OVGDQPUi3GgCX85DuLzfdiXYHeuCUj', 'width': 1920}]",ChIJz9tl1rhEzpQRaGBtpNLi-KE,"{'compound_code': '89JQ+QR Taboão, São Bernardo do Campo - State of São Paulo, Brazil', 'global_code': '588M89JQ+QR'}",3.9,ChIJz9tl1rhEzpQRaGBtpNLi-KE,GOOGLE,"['drugstore', 'pharmacy', 'store', 'health', 'point_of_interest', 'establishment']",140,"Av. do Taboão, 4508 - Taboão, São Bernardo do Campo",https://www.google.com/maps/place/?q=place_id:ChIJz9tl1rhEzpQRaGBtpNLi-KE
58,OPERATIONAL,"{'location': {'lat': -23.587807, 'lng': -46.6429809}, 'viewport': {'northeast': {'lat': -23.58637007010727, 'lng': -46.64159737010728}, 'southwest': {'lat': -23.58906972989271, 'lng': -46.64429702989272}}}",https://maps.gstatic.com/mapfiles/place_api/icons/v1/png_71/generic_business-71.png,#4B96F3,https://maps.gstatic.com/mapfiles/place_api/icons/v2/generic_pinlet,Drugstore Sao Paulo,{'open_now': True},"[{'height': 3006, 'html_attributions': ['<a href=""https://maps.google.com/maps/contrib/103442097767128870495"">Eric</a>'], 'photo_reference': 'AeJbb3cd5bVJLcdN_c6qmHQlOkKR-KryF_x8k4nC_dUMA6r8uYMAwW_2paZ0cIjEAinbQlqMgGM3v-eeJ6rvmW1B7HFuesXFVXZ_2eSFjo5p8hA655_BLpDPqIX_0y4LhnGIJms4GXFigPYrq-nomnhScBQPUfTZENRDD7nCz16F216kP78t', 'width': 5344}]",ChIJbXKgQYhZzpQRiEQIGyjffHo,"{'compound_code': 'C964+VR São Paulo, State of São Paulo, Brazil', 'global_code': '588MC964+VR'}",3.2,ChIJbXKgQYhZzpQRiEQIGyjffHo,GOOGLE,"['drugstore', 'store', 'health', 'point_of_interest', 'establishment']",63,"R. França Pinto, 680 - Vila Mariana, São Paulo",https://www.google.com/maps/place/?q=place_id:ChIJbXKgQYhZzpQRiEQIGyjffHo
59,OPERATIONAL,"{'location': {'lat': -23.5867019, 'lng': -46.736908}, 'viewport': {'northeast': {'lat': -23.58532142010728, 'lng': -46.73562077010727}, 'southwest': {'lat': -23.58802107989272, 'lng': -46.73832042989272}}}",https://maps.gstatic.com/mapfiles/place_api/icons/v1/png_71/generic_business-71.png,#4B96F3,https://maps.gstatic.com/mapfiles/place_api/icons/v2/generic_pinlet,Drugstore Sao Paulo,{'open_now': True},"[{'height': 1920, 'html_attributions': ['<a href=""https://maps.google.com/maps/contrib/113296671380922517285"">A Google User</a>'], 'photo_reference': 'AeJbb3cSgbJq2Df2xt_GcWChm7Yc2WdDzSP7T5A2OIseSDNEdNQlGOrrUuhjaG1jw7yMAzN9wOuEccZ5XRzTu6YAJcDC9sBVadQ9QbQDnd9dNbPv_gKO5s_q4KfEM6cRd_3FX3-t_JftGEaSWX4SMWsb1Js6vCWsqstjYRBDTjnGuV23-9M', 'width': 1080}]",ChIJsfYrz4hWzpQRAhDr_L5n-f4,"{'compound_code': 'C777+86 Jardim Peri Peri, São Paulo - State of São Paulo, Brazil', 'global_code': '588MC777+86'}",4.1,ChIJsfYrz4hWzpQRAhDr_L5n-f4,GOOGLE,"['drugstore', 'pharmacy', 'store', 'health', 'point_of_interest', 'establishment']",48,"Av. Min. Laudo Ferreira de Camargo, 352 - Jardim Peri Peri, São Paulo",https://www.google.com/maps/place/?q=place_id:ChIJsfYrz4hWzpQRAhDr_L5n-f4
